{
  "n": 600,
  "pos": 100,
  "device": "mps",
  "clip": {
    "res224": {
      "zeroshot_auc": 0.9523199999999999,
      "probe_auc": 0.9565468887820561,
      "probe_sd": 0.014178350809788449,
      "probe_acc": 0.8772222222222222
    },
    "res128": {
      "zeroshot_auc": 0.95202,
      "probe_auc": 0.9532363845250765,
      "probe_sd": 0.01808116405285412,
      "probe_acc": 0.8755555555555554
    },
    "res64": {
      "zeroshot_auc": 0.94632,
      "probe_auc": 0.947447568257368,
      "probe_sd": 0.019549272020405378,
      "probe_acc": 0.8577777777777778
    }
  },
  "dinov2": {
    "model": "vit_small_patch14_dinov2",
    "probe_auc": 0.9441186866549345,
    "probe_sd": 0.018446045382781537,
    "probe_acc": 0.9049999999999999
  }
}